{
  "cycles": [
    {
      "id": "cycle_001_indica",
      "mode": "max_yield",
      "profile": {
        "propagation": {
          "ppfd": 297.0,
          "photoperiod_h": 18.0,
          "t_air_c": 27.25,
          "rh_pct": 72.0,
          "co2_ppm": 500.0,
          "t_solution_c": 20.5,
          "do_mg_l": 8.6,
          "ec_ms_cm": 0.96,
          "ph": 6.0,
          "n_mg_l": 72.0,
          "p_mg_l": 16.5,
          "k_mg_l": 93.50000000000001,
          "blue_frac": 0.25999999999999995,
          "red_frac": 0.6599999999999999,
          "far_red_frac": 0.029999999999999995,
          "uvb_frac": 0.0,
          "airflow_m_s": 0.25,
          "days": 12,
          "dli_mol_m2_day": 19.2456,
          "vpd_target_kpa": [
            0.4,
            0.8
          ]
        },
        "vegetative": {
          "ppfd": 540.0,
          "photoperiod_h": 18.0,
          "t_air_c": 26.25,
          "rh_pct": 66.0,
          "co2_ppm": 650.0,
          "t_solution_c": 20.0,
          "do_mg_l": 8.2,
          "ec_ms_cm": 1.6,
          "ph": 6.0,
          "n_mg_l": 160.0,
          "p_mg_l": 33.0,
          "k_mg_l": 170.0,
          "blue_frac": 0.2375,
          "red_frac": 0.6828124999999999,
          "far_red_frac": 0.0296875,
          "uvb_frac": 0.0,
          "airflow_m_s": 0.45,
          "days": 24,
          "dli_mol_m2_day": 34.992,
          "vpd_target_kpa": [
            0.8,
            1.2
          ]
        },
        "transition": {
          "ppfd": 755.2065625,
          "photoperiod_h": 13.0,
          "t_air_c": 25.95,
          "rh_pct": 61.0,
          "co2_ppm": 760.0,
          "t_solution_c": 20.0,
          "do_mg_l": 8.0,
          "ec_ms_cm": 1.7000000000000002,
          "ph": 6.0,
          "n_mg_l": 152.0,
          "p_mg_l": 34.65,
          "k_mg_l": 170.0,
          "blue_frac": 0.171,
          "red_frac": 0.684,
          "far_red_frac": 0.09500000000000001,
          "uvb_frac": 0.0,
          "airflow_m_s": 0.65,
          "days": 7,
          "dli_mol_m2_day": 35.343667125,
          "vpd_target_kpa": [
            1.0,
            1.35
          ]
        },
        "flower_early": {
          "ppfd": 1027.49625,
          "photoperiod_h": 13.0,
          "t_air_c": 25.55,
          "rh_pct": 56.0,
          "co2_ppm": 775.0,
          "t_solution_c": 19.8,
          "do_mg_l": 7.8,
          "ec_ms_cm": 1.9,
          "ph": 6.0,
          "n_mg_l": 136.0,
          "p_mg_l": 36.300000000000004,
          "k_mg_l": 183.60000000000002,
          "blue_frac": 0.18000000000000002,
          "red_frac": 0.4800000000000001,
          "far_red_frac": 0.12,
          "uvb_frac": 0.0,
          "airflow_m_s": 0.82,
          "days": 32,
          "dli_mol_m2_day": 48.0868245,
          "vpd_target_kpa": [
            1.1,
            1.45
          ]
        },
        "flower_late": {
          "ppfd": 1141.6625,
          "photoperiod_h": 13.0,
          "t_air_c": 24.75,
          "rh_pct": 52.0,
          "co2_ppm": 775.0,
          "t_solution_c": 19.5,
          "do_mg_l": 7.6,
          "ec_ms_cm": 2.0,
          "ph": 6.0,
          "n_mg_l": 115.19999999999999,
          "p_mg_l": 33.0,
          "k_mg_l": 195.49999999999997,
          "blue_frac": 0.18000000000000002,
          "red_frac": 0.4879999999999999,
          "far_red_frac": 0.132,
          "uvb_frac": 0.08,
          "airflow_m_s": 0.95,
          "days": 30,
          "dli_mol_m2_day": 53.429805,
          "vpd_target_kpa": [
            1.0,
            1.35
          ]
        },
        "_metadata": {
          "source_context": "peer_reviewed_controlled_environment",
          "propagation_system": "DWC",
          "production_system": "NFT_recirculating",
          "plant_type": "regular_photoperiodic",
          "veg_density_pl_m2": 4.0,
          "flower_density_pl_m2": 4.0,
          "business_plan_clone_cycle_target_days": 105.0,
          "business_plan_clone_cycle_target_months": 3.5,
          "business_plan_cycle_hardcoded_from_cutting": true,
          "business_plan_cuttings_per_plant": 5.0,
          "business_plan_cuttings_capacity_pl_m2": 20.0,
          "business_plan_no_dedicated_mother_plants": true,
          "business_plan_cuttings_source": "vegetative_plants_in_production_cycle",
          "business_plan_seed_germination_days_min": 10.0,
          "business_plan_seed_germination_days_max": 14.0,
          "business_plan_seed_to_cutting_days_min": 27.0,
          "business_plan_seed_to_cutting_days_max": 35.0,
          "business_plan_photoperiod_flower_h": 12.0,
          "genetic_profile_id": "regular_photoperiodic",
          "genetic_profile_label": "Regular Photoperiodic",
          "genetic_seed_category": "regular",
          "genetic_photoperiodic": true,
          "genetic_notes": "Open-pollinated regular photoperiod profile for non-feminized indoor production with clone-cycle propagation.",
          "cultivar_family": "indica_dominant",
          "cultivar_name": "Northern Lights",
          "cultivar_catalog_hit": true,
          "evidence_source_ids": "ahrens_2023_is_twelve_hours;ahrens_2024_13h_photoperiod;dowling_2022_photoperiod_meta;holweg_2024_red_white_spectra;ioannidis_2022_ssr_micropropagation;llewellyn_2023_uv_minimal_effect;pitman_2020_pythium_report;powell_2026_mass_balance;punja_2025_hlvd_management;rodriguez_morrison_2021_light;saloner_2019_k;saloner_2020_n",
          "genetics_yield_potential_scale": 1.05,
          "genetics_quality_potential_scale": 1.03,
          "genetics_disease_pressure_scale": 0.95,
          "genetics_hlvd_pressure_scale": 0.95,
          "genetics_nutrient_window_scale": 1.02,
          "genetics_family_yield_potential_scale": 0.99,
          "genetics_family_quality_potential_scale": 0.98,
          "genetics_family_disease_pressure_scale": 0.97,
          "genetics_family_hlvd_pressure_scale": 1.0,
          "genetics_family_nutrient_window_scale": 1.04,
          "genetics_family_flower_duration_scale": 0.94,
          "genetics_family_dli_demand_scale": 0.95,
          "genetics_cultivar_flower_duration_scale": 0.94,
          "genetics_cultivar_dli_demand_scale": 0.95,
          "genetics_uniformity_index": 0.72,
          "genetics_photoperiod_control": 1.15,
          "genetics_rdwc_nft_compatibility": 0.9,
          "genetics_cuttings_per_vegetative_plant": 5.0,
          "genetics_dedicated_mother_plants": 0.0,
          "genetics_clone_cycle_target_days_indica": 105.0,
          "genetics_clone_cycle_target_days_sativa": 120.0,
          "genetics_seed_to_cutting_days_min": 27.0,
          "genetics_seed_to_cutting_days_max": 35.0,
          "cultivar_id": "northernlights"
        }
      },
      "cultivar_name": "Northern Lights",
      "cultivar_family": "indica_dominant",
      "system_type": "indoor_cea",
      "hydro_subsystem": "DWC_NFT_split",
      "area_m2": 1.0,
      "plant_density_pl_m2": 4.0,
      "recirculation_l_h": 180.0,
      "source_water_ec_ms_cm": 0.3,
      "source_water_ph": 7.0,
      "sensor_qc_score": 0.97,
      "measurement_protocol": "daily_sensor_plus_weekly_lab_v1",
      "notes": "Template cycle aligned to hard indica profile assumptions.",
      "seed": 202601,
      "sanitation_level": 0.94,
      "observed": {
        "dry_yield_g_m2": 1157.068,
        "quality_index": 68.46,
        "penalty": 44.169,
        "disease_pressure": 0.6298,
        "hlvd_pressure": 0.01301,
        "energy_kwh_m2": 470.013
      }
    },
    {
      "id": "cycle_002_sativa",
      "mode": "max_quality",
      "profile": {
        "propagation": {
          "ppfd": 297.0,
          "photoperiod_h": 18.0,
          "t_air_c": 27.25,
          "rh_pct": 72.0,
          "co2_ppm": 500.0,
          "t_solution_c": 20.5,
          "do_mg_l": 8.6,
          "ec_ms_cm": 0.96,
          "ph": 6.0,
          "n_mg_l": 72.0,
          "p_mg_l": 16.5,
          "k_mg_l": 93.50000000000001,
          "blue_frac": 0.25999999999999995,